{"options":{"check_for_updates":true,"comment":null,"compat_foreach":false,"compat_metadata":false,"compat_powerful_this":null,"compat_wrappedjsobject":false,"compatopts_for_requires":true,"noframes":null,"override":{"merge_connects":true,"merge_excludes":true,"merge_includes":true,"merge_matches":true,"orig_connects":[],"orig_excludes":[],"orig_includes":[],"orig_matches":["https://chiikawamarket.jp/products/*","https://chiikawamarket.jp/collections/*/products/*","https://chiikawamarket.jp/cart","https://nagano-market.jp/products/*","https://nagano-market.jp/collections/*/products/*","https://nagano-market.jp/cart","https://nagano-market.jp/*/products/*","https://nagano-market.jp/*/collections/*/products/*","https://nagano-market.jp/*/cart"],"orig_noframes":null,"orig_run_at":"document-idle","use_blockers":[],"use_connects":[],"use_excludes":[],"use_includes":[],"use_matches":[]},"run_at":null,"sandbox":null,"tab_types":null,"unwrap":null,"user_modified":1719723025821},"settings":{"enabled":true,"position":18},"meta":{"name":"Show Inventory Quantity From Chiikawa Market & Nagano Market","uuid":"387dfd93-e563-4a39-baab-c68587122131","modified":1719723025819}}